dim_customer_id,customer_id,first_name,last_name,gender,birth_date_id,signup_date_id,dim_country_id,subscription_level,dbt_updated_at,dbt_valid_from,dbt_valid_to
1,1,Paul,Zamora,M,19580517,20191124,8,1,2025-03-22 10:42:52+00,2025-03-22 10:42:52+00,
2,2,Juan Antonio,Vidal,M,19810714,20190116,10,2,2025-03-22 10:42:52+00,2025-03-22 10:42:52+00,
3,3,Sandalio,Mateos,M,19560121,20190708,3,1,2025-03-22 10:42:52+00,2025-03-22 10:42:52+00,
4,4,Michael,Snow,M,19940414,20190705,1,1,2025-03-22 10:42:52+00,2025-03-22 10:42:52+00,
5,5,Toni,Cilea,M,19611116,20190326,9,1,2025-03-22 10:42:52+00,2025-03-22 10:42:52+00,
6,6,Donald,Davis,M,19891002,20190420,8,1,2025-03-22 10:42:52+00,2025-03-22 10:42:52+00,
7,7,Philippe,Rossi,M,20090807,20191107,6,3,2025-03-22 10:42:52+00,2025-03-22 10:42:52+00,
8,8,Kamilly,da Conceição,F,19841008,20191001,4,4,2025-03-22 10:42:52+00,2025-03-22 10:42:52+00,
9,9,Conrado,Benavent,F,19950626,20190501,10,2,2025-03-22 10:42:52+00,2025-03-22 10:42:52+00,
10,10,Maria Luiza,Melo,M,19840320,20191216,4,4,2025-03-22 10:42:52+00,2025-03-22 10:42:52+00,
11,11,Anita,Gomez,F,19720523,20190703,1,2,2025-03-22 10:42:52+00,2025-03-22 10:42:52+00,
12,12,Juliette,Riou,F,19790726,20190503,6,1,2025-03-22 10:42:52+00,2025-03-22 10:42:52+00,
13,13,James,Tran,F,19871204,20191221,8,1,2025-03-22 10:42:52+00,2025-03-22 10:42:52+00,
14,14,Stefania,Tremonti,F,19940624,20190621,9,2,2025-03-22 10:42:52+00,2025-03-22 10:42:52+00,
15,15,Bernabé,Alcalá,F,20001215,20190412,10,1,2025-03-22 10:42:52+00,2025-03-22 10:42:52+00,
16,16,Jennifer,Ross,M,19720620,20190206,1,4,2025-03-22 10:42:52+00,2025-03-22 10:42:52+00,
17,17,Mercedes,Abba,M,20110605,20191117,9,4,2025-03-22 10:42:52+00,2025-03-22 10:42:52+00,
18,18,Tristan,Dillon,M,20110907,20190826,1,2,2025-03-22 10:42:52+00,2025-03-22 10:42:52+00,
19,19,Luna,Morell,F,19720610,20190405,10,2,2025-03-22 10:42:52+00,2025-03-22 10:42:52+00,
20,20,Cauê,da Mota,F,19850215,20191001,4,3,2025-03-22 10:42:52+00,2025-03-22 10:42:52+00,
21,21,Ashley,Allen,M,19680405,20191223,1,2,2025-03-22 10:42:52+00,2025-03-22 10:42:52+00,
22,22,Fernanda,Porto,F,19900701,20190225,4,4,2025-03-22 10:42:52+00,2025-03-22 10:42:52+00,
23,23,Biagio,Micca,F,20080101,20190205,9,3,2025-03-22 10:42:52+00,2025-03-22 10:42:52+00,
24,24,Danielle,Camus,M,20010414,20191206,6,1,2025-03-22 10:42:52+00,2025-03-22 10:42:52+00,
25,25,Kevin,Carter,F,19640620,20190212,1,2,2025-03-22 10:42:52+00,2025-03-22 10:42:52+00,
26,26,Amy,Olsen,M,19920224,20190218,8,2,2025-03-22 10:42:52+00,2025-03-22 10:42:52+00,
27,27,James,Lloyd,M,19870209,20190729,1,2,2025-03-22 10:42:52+00,2025-03-22 10:42:52+00,
28,28,Diana,Maestre,F,19841228,20190801,3,3,2025-03-22 10:42:52+00,2025-03-22 10:42:52+00,
29,29,Éric,Godard,M,19970622,20190622,6,1,2025-03-22 10:42:52+00,2025-03-22 10:42:52+00,
30,30,Orlando,Mercantini,M,19821107,20191106,9,3,2025-03-22 10:42:52+00,2025-03-22 10:42:52+00,
31,31,Jose Antonio,Manrique,F,19980813,20190812,3,1,2025-03-22 10:42:52+00,2025-03-22 10:42:52+00,
32,32,Jaime,Lopez,F,20071227,20190313,8,4,2025-03-22 10:42:52+00,2025-03-22 10:42:52+00,
33,33,Gala,Juan,F,20020519,20190826,3,1,2025-03-22 10:42:52+00,2025-03-22 10:42:52+00,
34,34,京助,鈴木,F,20020708,20190705,7,2,2025-03-22 10:42:52+00,2025-03-22 10:42:52+00,
35,35,Folkert,Fischer,F,19800309,20191022,5,4,2025-03-22 10:42:52+00,2025-03-22 10:42:52+00,
36,36,Benjamin,Miller,M,19921219,20191225,1,4,2025-03-22 10:42:52+00,2025-03-22 10:42:52+00,
37,37,Águeda,Posada,F,19920612,20190929,3,2,2025-03-22 10:42:52+00,2025-03-22 10:42:52+00,
38,38,Maryse,Hardy,F,19490617,20191122,6,4,2025-03-22 10:42:52+00,2025-03-22 10:42:52+00,
39,39,Dorothée,Huet,F,20120305,20190418,6,3,2025-03-22 10:42:52+00,2025-03-22 10:42:52+00,
40,40,Martin,Potier,M,19960522,20191126,6,4,2025-03-22 10:42:52+00,2025-03-22 10:42:52+00,
41,41,Lourdes,Venegas,F,19950507,20190818,2,1,2025-03-22 10:42:52+00,2025-03-22 10:42:52+00,
42,42,Shannon,Keller,M,20091020,20190417,1,3,2025-03-22 10:42:52+00,2025-03-22 10:42:52+00,
43,43,Yasmin,Moraes,F,20050718,20190929,4,4,2025-03-22 10:42:52+00,2025-03-22 10:42:52+00,
44,44,Manuel,Carpaccio,M,20060106,20190201,9,3,2025-03-22 10:42:52+00,2025-03-22 10:42:52+00,
45,45,Bianca,Monti,F,19971028,20190708,9,1,2025-03-22 10:42:52+00,2025-03-22 10:42:52+00,
46,46,João Miguel,Farias,F,19860116,20191125,4,1,2025-03-22 10:42:52+00,2025-03-22 10:42:52+00,
47,47,Nicole,Fogaça,F,19670916,20190107,4,3,2025-03-22 10:42:52+00,2025-03-22 10:42:52+00,
48,48,Janice,Watson,F,20050709,20190215,8,3,2025-03-22 10:42:52+00,2025-03-22 10:42:52+00,
49,49,Raul,Pereira,F,19860103,20190308,4,1,2025-03-22 10:42:52+00,2025-03-22 10:42:52+00,
50,50,Charles,Roussel,M,19610209,20191113,6,2,2025-03-22 10:42:52+00,2025-03-22 10:42:52+00,
51,51,Gustavo,das Neves,F,19600117,20191101,4,4,2025-03-22 10:42:52+00,2025-03-22 10:42:52+00,
52,52,Renato,Téllez,F,19680308,20190118,2,4,2025-03-22 10:42:52+00,2025-03-22 10:42:52+00,
53,53,Erin,Johnson,M,19830326,20190822,8,4,2025-03-22 10:42:52+00,2025-03-22 10:42:52+00,
54,54,拓真,斎藤,M,20000801,20190904,7,3,2025-03-22 10:42:52+00,2025-03-22 10:42:52+00,
55,55,Dimas,Posada,M,19950616,20190812,10,4,2025-03-22 10:42:52+00,2025-03-22 10:42:52+00,
56,56,Napoleone,Carriera,M,19980914,20190205,9,1,2025-03-22 10:42:52+00,2025-03-22 10:42:52+00,
57,57,直子,佐藤,M,19850219,20190115,7,1,2025-03-22 10:42:52+00,2025-03-22 10:42:52+00,
58,58,Lina,Casals,F,20091024,20190313,3,3,2025-03-22 10:42:52+00,2025-03-22 10:42:52+00,
59,59,Humberto,Barriga,M,20030117,20190706,3,4,2025-03-22 10:42:52+00,2025-03-22 10:42:52+00,
60,60,Hannah,Barkholz,F,19830807,20191230,5,3,2025-03-22 10:42:52+00,2025-03-22 10:42:52+00,
61,61,Ana Carolina,Castro,F,19480421,20190731,4,1,2025-03-22 10:42:52+00,2025-03-22 10:42:52+00,
62,62,Johan,Bohnbach,F,20060224,20191121,5,4,2025-03-22 10:42:52+00,2025-03-22 10:42:52+00,
63,63,Angélica,Madera,M,20090610,20190327,2,2,2025-03-22 10:42:52+00,2025-03-22 10:42:52+00,
64,64,亮介,田中,M,19830216,20190517,7,1,2025-03-22 10:42:52+00,2025-03-22 10:42:52+00,
65,65,Adelia,Ariza,F,20050222,20190715,3,4,2025-03-22 10:42:52+00,2025-03-22 10:42:52+00,
66,66,Eckhart,Tlustek,M,19590312,20190820,5,2,2025-03-22 10:42:52+00,2025-03-22 10:42:52+00,
67,67,Heraclio,Juan,M,20080814,20190601,10,1,2025-03-22 10:42:52+00,2025-03-22 10:42:52+00,
68,68,Rebecca,Harrison,M,19830706,20190520,1,3,2025-03-22 10:42:52+00,2025-03-22 10:42:52+00,
69,69,Slavica,Rudolph,F,19970312,20191217,5,4,2025-03-22 10:42:52+00,2025-03-22 10:42:52+00,
70,70,美加子,森,F,19700205,20190307,7,3,2025-03-22 10:42:52+00,2025-03-22 10:42:52+00,
71,71,Bautista,Cuadrado,M,19980603,20191026,3,4,2025-03-22 10:42:52+00,2025-03-22 10:42:52+00,
72,72,Ernesto,Moschino,F,19911105,20191125,9,1,2025-03-22 10:42:52+00,2025-03-22 10:42:52+00,
73,73,直人,鈴木,F,19710106,20190725,7,1,2025-03-22 10:42:52+00,2025-03-22 10:42:52+00,
74,74,Vasco,Díez,F,19850804,20191224,10,4,2025-03-22 10:42:52+00,2025-03-22 10:42:52+00,
75,75,明美,池田,F,19991217,20190106,7,4,2025-03-22 10:42:52+00,2025-03-22 10:42:52+00,
76,76,Isabel,Silva,F,19940124,20191216,4,1,2025-03-22 10:42:52+00,2025-03-22 10:42:52+00,
77,77,Larry,Howard,F,19941027,20191223,8,3,2025-03-22 10:42:52+00,2025-03-22 10:42:52+00,
78,78,Margaux,Deschamps,M,19640521,20191122,6,3,2025-03-22 10:42:52+00,2025-03-22 10:42:52+00,
79,79,Ramiro,Alcala,F,19920513,20190301,2,2,2025-03-22 10:42:52+00,2025-03-22 10:42:52+00,
80,80,Judith,Rogers,M,19861209,20190627,8,2,2025-03-22 10:42:52+00,2025-03-22 10:42:52+00,
81,81,Amy,Taylor,M,19850702,20190118,1,4,2025-03-22 10:42:52+00,2025-03-22 10:42:52+00,
82,82,Alma,Ortuño,F,19901213,20191023,3,3,2025-03-22 10:42:52+00,2025-03-22 10:42:52+00,
83,83,Sébastien,Maillet,M,20010403,20190825,6,4,2025-03-22 10:42:52+00,2025-03-22 10:42:52+00,
84,84,Rosa,Centeno,F,19720913,20190520,2,2,2025-03-22 10:42:52+00,2025-03-22 10:42:52+00,
85,85,Martín,Pons,M,19860825,20191005,10,1,2025-03-22 10:42:52+00,2025-03-22 10:42:52+00,
86,86,Severino,Berrocal,F,19750428,20191018,10,4,2025-03-22 10:42:52+00,2025-03-22 10:42:52+00,
87,87,Rosario,Espinosa,F,19910106,20190101,2,4,2025-03-22 10:42:52+00,2025-03-22 10:42:52+00,
88,88,Nicanor,Cuesta,F,19581019,20190929,10,3,2025-03-22 10:42:52+00,2025-03-22 10:42:52+00,
89,89,Jacinto,Samper,F,19921128,20190403,3,3,2025-03-22 10:42:52+00,2025-03-22 10:42:52+00,
90,90,Jennifer,Nunez,F,19500404,20190528,1,1,2025-03-22 10:42:52+00,2025-03-22 10:42:52+00,
91,91,Severino,Angulo,M,19831214,20191206,10,2,2025-03-22 10:42:52+00,2025-03-22 10:42:52+00,
92,92,Salomé,Ripoll,M,20080920,20190606,10,4,2025-03-22 10:42:52+00,2025-03-22 10:42:52+00,
93,93,Eileen,Williams,M,19890612,20191027,8,4,2025-03-22 10:42:52+00,2025-03-22 10:42:52+00,
94,94,Bernardo,Jove,F,20090720,20190622,10,1,2025-03-22 10:42:52+00,2025-03-22 10:42:52+00,
95,95,Eric,Rose,F,19931217,20190930,8,2,2025-03-22 10:42:52+00,2025-03-22 10:42:52+00,
96,96,Helena,Almeida,M,19880624,20190709,4,1,2025-03-22 10:42:52+00,2025-03-22 10:42:52+00,
97,97,Alfonso,Saldaña,M,20071012,20191210,2,1,2025-03-22 10:42:52+00,2025-03-22 10:42:52+00,
98,98,学,村上,M,19680522,20190507,7,4,2025-03-22 10:42:52+00,2025-03-22 10:42:52+00,
99,99,Paloma,Prada,M,19750301,20190120,9,3,2025-03-22 10:42:52+00,2025-03-22 10:42:52+00,
100,100,Emmanuelle,Couturier,F,20030304,20190315,6,2,2025-03-22 10:42:52+00,2025-03-22 10:42:52+00,
101,101,Mary,Anderson,F,20020123,20200202,1,4,2025-03-22 10:42:52+00,2025-03-22 10:42:52+00,
102,102,Rolf-Peter,Stoll,M,20101202,20200106,5,2,2025-03-22 10:42:52+00,2025-03-22 10:42:52+00,
103,103,Luchino,Adinolfi,M,20110926,20200611,9,4,2025-03-22 10:42:52+00,2025-03-22 10:42:52+00,
104,104,Alexis,Fischer,F,19900512,20200323,1,3,2025-03-22 10:42:52+00,2025-03-22 10:42:52+00,
105,105,Margot,Evrard,F,20101120,20201115,6,1,2025-03-22 10:42:52+00,2025-03-22 10:42:52+00,
106,106,Berta,Espino,F,19890403,20200825,2,4,2025-03-22 10:42:52+00,2025-03-22 10:42:52+00,
107,107,Lara,da Paz,F,19650414,20200216,4,2,2025-03-22 10:42:52+00,2025-03-22 10:42:52+00,
108,108,Hermelinda,Lemus,F,19650928,20201205,2,3,2025-03-22 10:42:52+00,2025-03-22 10:42:52+00,
109,109,Tiffany,Garcia,F,20050904,20200924,8,2,2025-03-22 10:42:52+00,2025-03-22 10:42:52+00,
110,110,Ágata,Puente,M,20110718,20201127,10,4,2025-03-22 10:42:52+00,2025-03-22 10:42:52+00,
111,111,Biagio,Argenti,M,19961128,20200831,9,1,2025-03-22 10:42:52+00,2025-03-22 10:42:52+00,
112,112,Robin,Marsh,F,19821015,20200416,8,1,2025-03-22 10:42:52+00,2025-03-22 10:42:52+00,
113,113,直人,高橋,F,19940112,20200214,7,4,2025-03-22 10:42:52+00,2025-03-22 10:42:52+00,
114,114,Olga,Oliver,F,19900319,20200721,3,1,2025-03-22 10:42:52+00,2025-03-22 10:42:52+00,
115,115,Henrique,Freitas,M,19661104,20200214,4,3,2025-03-22 10:42:52+00,2025-03-22 10:42:52+00,
116,116,Alejo,Arnal,F,19930816,20201126,3,3,2025-03-22 10:42:52+00,2025-03-22 10:42:52+00,
117,117,Hernán,Jover,F,19870909,20200116,3,2,2025-03-22 10:42:52+00,2025-03-22 10:42:52+00,
118,118,Ignacio,Navarro,F,19991013,20200804,2,4,2025-03-22 10:42:52+00,2025-03-22 10:42:52+00,
119,119,Clementina,Arnal,F,19850422,20201230,10,2,2025-03-22 10:42:52+00,2025-03-22 10:42:52+00,
120,120,Maribel,Urrutia,F,20050725,20201124,10,1,2025-03-22 10:42:52+00,2025-03-22 10:42:52+00,
121,121,Franziska,Mies,F,19641023,20201003,5,1,2025-03-22 10:42:52+00,2025-03-22 10:42:52+00,
122,122,Trinidad,Perales,F,20050322,20200905,10,4,2025-03-22 10:42:52+00,2025-03-22 10:42:52+00,
123,123,くみ子,田中,M,19880312,20201204,7,4,2025-03-22 10:42:52+00,2025-03-22 10:42:52+00,
124,124,Cäcilia,Hornich,M,20040909,20200525,5,1,2025-03-22 10:42:52+00,2025-03-22 10:42:52+00,
125,125,Edoardo,Coppola,M,20120716,20200104,9,2,2025-03-22 10:42:52+00,2025-03-22 10:42:52+00,
126,126,Nazario,Nebot,F,19811213,20200415,3,4,2025-03-22 10:42:52+00,2025-03-22 10:42:52+00,
127,127,Michael,Davis,M,19870320,20201102,1,1,2025-03-22 10:42:52+00,2025-03-22 10:42:52+00,
128,128,Elsa,Beier,F,20030107,20201029,5,1,2025-03-22 10:42:52+00,2025-03-22 10:42:52+00,
129,129,Greco,Dallapé,M,19850614,20200117,9,4,2025-03-22 10:42:52+00,2025-03-22 10:42:52+00,
130,130,Tina,Roberts,M,19780806,20200228,1,4,2025-03-22 10:42:52+00,2025-03-22 10:42:52+00,
131,131,Gabriela,Costela,F,19880105,20200602,4,1,2025-03-22 10:42:52+00,2025-03-22 10:42:52+00,
132,132,Gabriel,Martel,F,20050108,20200423,6,1,2025-03-22 10:42:52+00,2025-03-22 10:42:52+00,
133,133,John,Williams,M,19741012,20201010,8,3,2025-03-22 10:42:52+00,2025-03-22 10:42:52+00,
134,134,加奈,石川,F,19690818,20200310,7,3,2025-03-22 10:42:52+00,2025-03-22 10:42:52+00,
135,135,Ron,Jüttner,M,19910220,20200427,5,1,2025-03-22 10:42:52+00,2025-03-22 10:42:52+00,
136,136,Pierluigi,Canova,M,20031111,20200426,9,4,2025-03-22 10:42:52+00,2025-03-22 10:42:52+00,
137,137,Helena,Rocha,M,19670801,20200208,4,1,2025-03-22 10:42:52+00,2025-03-22 10:42:52+00,
138,138,Matthew,Yates,M,19930824,20200703,8,3,2025-03-22 10:42:52+00,2025-03-22 10:42:52+00,
139,139,Jacobo,Castellanos,F,19640710,20201111,2,3,2025-03-22 10:42:52+00,2025-03-22 10:42:52+00,
140,140,Camilo,Salinas,F,19791203,20200705,2,4,2025-03-22 10:42:52+00,2025-03-22 10:42:52+00,
141,141,Anselmo,Matas,F,19980527,20200614,3,3,2025-03-22 10:42:52+00,2025-03-22 10:42:52+00,
142,142,Cristal,de la Crúz,M,19660926,20200510,2,3,2025-03-22 10:42:52+00,2025-03-22 10:42:52+00,
143,143,Anne,Drake,M,19540714,20200831,1,4,2025-03-22 10:42:52+00,2025-03-22 10:42:52+00,
144,144,健一,鈴木,M,19870308,20200905,7,4,2025-03-22 10:42:52+00,2025-03-22 10:42:52+00,
145,145,Louis,Bouvet,M,20080321,20200202,6,3,2025-03-22 10:42:52+00,2025-03-22 10:42:52+00,
146,146,和也,小林,M,19610908,20200326,7,2,2025-03-22 10:42:52+00,2025-03-22 10:42:52+00,
147,147,陽一,井上,M,19650118,20200208,7,4,2025-03-22 10:42:52+00,2025-03-22 10:42:52+00,
148,148,Vidal,Torres,F,20081026,20200422,10,2,2025-03-22 10:42:52+00,2025-03-22 10:42:52+00,
149,149,千代,山下,F,20041121,20201102,7,3,2025-03-22 10:42:52+00,2025-03-22 10:42:52+00,
150,150,Teo,Blanes,F,19820524,20200325,3,3,2025-03-22 10:42:52+00,2025-03-22 10:42:52+00,
151,151,Isidro,Julián,M,19840818,20200523,10,1,2025-03-22 10:42:52+00,2025-03-22 10:42:52+00,
152,152,Maxi,Diaz,F,19960413,20200815,10,2,2025-03-22 10:42:52+00,2025-03-22 10:42:52+00,
153,153,Gregorio,Palmer,M,19500322,20200616,3,2,2025-03-22 10:42:52+00,2025-03-22 10:42:52+00,
154,154,Andrea,Amaya,M,20100609,20200214,2,4,2025-03-22 10:42:52+00,2025-03-22 10:42:52+00,
155,155,Emanuella,Porto,M,19680425,20201216,4,3,2025-03-22 10:42:52+00,2025-03-22 10:42:52+00,
156,156,Gülsen,Gutknecht,M,19860227,20201019,5,4,2025-03-22 10:42:52+00,2025-03-22 10:42:52+00,
157,157,Tyler,Scott,F,19990709,20200216,8,1,2025-03-22 10:42:52+00,2025-03-22 10:42:52+00,
158,158,治,中川,M,19860401,20200905,7,1,2025-03-22 10:42:52+00,2025-03-22 10:42:52+00,
159,159,Leandro,da Conceição,M,19841108,20201105,4,2,2025-03-22 10:42:52+00,2025-03-22 10:42:52+00,
160,160,Louis,Albert,M,19631021,20200210,6,2,2025-03-22 10:42:52+00,2025-03-22 10:42:52+00,
161,161,Porfirio,Corbacho,F,20001207,20200526,10,1,2025-03-22 10:42:52+00,2025-03-22 10:42:52+00,
162,162,Dina,Niemeier,F,19840609,20200210,5,2,2025-03-22 10:42:52+00,2025-03-22 10:42:52+00,
163,163,Cintia,Ramis,M,20111024,20200227,3,3,2025-03-22 10:42:52+00,2025-03-22 10:42:52+00,
164,164,Irma,Rocha,M,19780626,20200904,10,1,2025-03-22 10:42:52+00,2025-03-22 10:42:52+00,
165,165,Nicolás,Saldivar,F,19990128,20201206,2,1,2025-03-22 10:42:52+00,2025-03-22 10:42:52+00,
166,166,Yéssica,Mora,F,19860819,20200920,3,1,2025-03-22 10:42:52+00,2025-03-22 10:42:52+00,
167,167,Vernon,Jimenez,F,19910218,20201119,8,2,2025-03-22 10:42:52+00,2025-03-22 10:42:52+00,
168,168,Sandra,Franch,F,19720922,20200917,3,3,2025-03-22 10:42:52+00,2025-03-22 10:42:52+00,
169,169,Emilia,Gilabert,M,20091006,20200729,3,3,2025-03-22 10:42:52+00,2025-03-22 10:42:52+00,
170,170,Rodrigo,Lopes,F,19870405,20200104,4,3,2025-03-22 10:42:52+00,2025-03-22 10:42:52+00,
171,171,Modesto,Aranda,F,19830115,20201113,10,4,2025-03-22 10:42:52+00,2025-03-22 10:42:52+00,
172,172,William,Boucher,M,20040902,20200722,6,4,2025-03-22 10:42:52+00,2025-03-22 10:42:52+00,
173,173,Kristen,Kirby,M,20090711,20200822,1,1,2025-03-22 10:42:52+00,2025-03-22 10:42:52+00,
174,174,Nicolas,Ribeiro,F,20110402,20200814,4,2,2025-03-22 10:42:52+00,2025-03-22 10:42:52+00,
175,175,Nereida,Blazquez,F,19930525,20200126,3,1,2025-03-22 10:42:52+00,2025-03-22 10:42:52+00,
176,176,治,鈴木,M,19730302,20200719,7,3,2025-03-22 10:42:52+00,2025-03-22 10:42:52+00,
177,177,Artur,Jacob,M,20010624,20200220,5,3,2025-03-22 10:42:52+00,2025-03-22 10:42:52+00,
178,178,Martina,Sanabria,F,19900605,20200106,10,4,2025-03-22 10:42:52+00,2025-03-22 10:42:52+00,
179,179,Cynthia,Córdova,F,19680205,20200508,2,4,2025-03-22 10:42:52+00,2025-03-22 10:42:52+00,
180,180,Filippa,Scaduto,F,19670710,20201203,9,1,2025-03-22 10:42:52+00,2025-03-22 10:42:52+00,
181,181,Natalia,Olivas,F,19820307,20200524,2,4,2025-03-22 10:42:52+00,2025-03-22 10:42:52+00,
182,182,Annett,Pärtzelt,F,19990808,20201215,5,3,2025-03-22 10:42:52+00,2025-03-22 10:42:52+00,
183,183,Consuela,Botella,F,19710328,20200114,3,2,2025-03-22 10:42:52+00,2025-03-22 10:42:52+00,
184,184,Laura,Holmes,M,19610410,20200920,8,1,2025-03-22 10:42:52+00,2025-03-22 10:42:52+00,
185,185,京助,中島,F,20030519,20200821,7,2,2025-03-22 10:42:52+00,2025-03-22 10:42:52+00,
186,186,裕美子,田中,F,19791022,20201217,7,4,2025-03-22 10:42:52+00,2025-03-22 10:42:52+00,
187,187,Valentina,Rios,M,19871118,20200726,3,3,2025-03-22 10:42:52+00,2025-03-22 10:42:52+00,
188,188,Mauricio,Oquendo,F,19920203,20201116,2,3,2025-03-22 10:42:52+00,2025-03-22 10:42:52+00,
189,189,Joana,Dias,F,19670116,20200823,4,1,2025-03-22 10:42:52+00,2025-03-22 10:42:52+00,
190,190,Stefani,Aporti,M,20030128,20201126,9,2,2025-03-22 10:42:52+00,2025-03-22 10:42:52+00,
191,191,Adrien,Traore,M,20070620,20210913,6,2,2025-03-22 10:42:52+00,2025-03-22 10:42:52+00,
192,192,Leone,Tolentino,F,19710408,20210312,9,2,2025-03-22 10:42:52+00,2025-03-22 10:42:52+00,
193,193,José Manuel,Méndez,M,19860925,20210810,3,4,2025-03-22 10:42:52+00,2025-03-22 10:42:52+00,
194,194,Ana,Juárez,F,19970226,20210126,10,2,2025-03-22 10:42:52+00,2025-03-22 10:42:52+00,
195,195,Otávio,Oliveira,M,20001123,20211117,4,3,2025-03-22 10:42:52+00,2025-03-22 10:42:52+00,
196,196,Paloma,Passalacqua,F,19761021,20210530,9,1,2025-03-22 10:42:52+00,2025-03-22 10:42:52+00,
197,197,Gottlob,Seifert,M,19910216,20210125,5,2,2025-03-22 10:42:52+00,2025-03-22 10:42:52+00,
198,198,Dionigi,Giovine,F,19660826,20211230,9,3,2025-03-22 10:42:52+00,2025-03-22 10:42:52+00,
199,199,Nathalie,Daniel,F,19990716,20210422,6,3,2025-03-22 10:42:52+00,2025-03-22 10:42:52+00,
200,200,Sheri,Olson,M,19930523,20210122,1,3,2025-03-22 10:42:52+00,2025-03-22 10:42:52+00,
201,201,Silvestro,Bragadin,M,19741012,20210224,9,4,2025-03-22 10:42:52+00,2025-03-22 10:42:52+00,
202,202,Maria,da Costa,M,19940217,20210919,4,4,2025-03-22 10:42:52+00,2025-03-22 10:42:52+00,
203,203,Mauro,Polesel,F,19590712,20211111,9,4,2025-03-22 10:42:52+00,2025-03-22 10:42:52+00,
204,204,Juliette,Turpin,F,19901123,20210114,6,4,2025-03-22 10:42:52+00,2025-03-22 10:42:52+00,
205,205,Stephen,Garcia,M,20040811,20210531,8,3,2025-03-22 10:42:52+00,2025-03-22 10:42:52+00,
206,206,Evaristo,Almagro,F,20120217,20211030,3,3,2025-03-22 10:42:52+00,2025-03-22 10:42:52+00,
207,207,Doreen,Scholl,M,19940510,20210113,5,3,2025-03-22 10:42:52+00,2025-03-22 10:42:52+00,
208,208,Eugenia,Junitz,M,20030721,20210221,5,3,2025-03-22 10:42:52+00,2025-03-22 10:42:52+00,
209,209,Hildegart,Rohleder,F,19851206,20210210,5,2,2025-03-22 10:42:52+00,2025-03-22 10:42:52+00,
210,210,Michael,Reyes,M,19560528,20210910,8,1,2025-03-22 10:42:52+00,2025-03-22 10:42:52+00,
211,211,Stella,Rodrigues,F,19671227,20211029,4,2,2025-03-22 10:42:52+00,2025-03-22 10:42:52+00,
212,212,Raissa,Bonbach,M,19740222,20210213,5,2,2025-03-22 10:42:52+00,2025-03-22 10:42:52+00,
213,213,Juanita,Solera,M,19780917,20210825,10,4,2025-03-22 10:42:52+00,2025-03-22 10:42:52+00,
214,214,Louise,Marques,F,19770803,20210827,6,2,2025-03-22 10:42:52+00,2025-03-22 10:42:52+00,
215,215,Edelmiro,Marti,M,20110318,20210910,3,3,2025-03-22 10:42:52+00,2025-03-22 10:42:52+00,
216,216,Carolina,Ontiveros,M,20010901,20211103,2,3,2025-03-22 10:42:52+00,2025-03-22 10:42:52+00,
217,217,Kelly,Reese,F,19940611,20211107,1,1,2025-03-22 10:42:52+00,2025-03-22 10:42:52+00,
218,218,Tonya,Martinez,F,20040303,20210922,1,2,2025-03-22 10:42:52+00,2025-03-22 10:42:52+00,
219,219,Kristen,Lopez,M,20060116,20211201,8,3,2025-03-22 10:42:52+00,2025-03-22 10:42:52+00,
220,220,Ottone,Ruggieri,F,19910216,20211031,9,2,2025-03-22 10:42:52+00,2025-03-22 10:42:52+00,
221,221,Maristela,Farré,F,19800419,20210525,3,2,2025-03-22 10:42:52+00,2025-03-22 10:42:52+00,
222,222,Agathe,Lefort,F,19770516,20210626,6,4,2025-03-22 10:42:52+00,2025-03-22 10:42:52+00,
223,223,Arsenio,Ariño,F,19550328,20210130,10,1,2025-03-22 10:42:52+00,2025-03-22 10:42:52+00,
224,224,Jonathan,Johnson,F,19881226,20210708,8,4,2025-03-22 10:42:52+00,2025-03-22 10:42:52+00,
225,225,Elizabeth,Armstrong,M,20110514,20210721,8,4,2025-03-22 10:42:52+00,2025-03-22 10:42:52+00,
226,226,Gianmarco,Cabrini,M,20040914,20210325,9,2,2025-03-22 10:42:52+00,2025-03-22 10:42:52+00,
227,227,Lori,Oneal,M,19820411,20211029,8,2,2025-03-22 10:42:52+00,2025-03-22 10:42:52+00,
228,228,Nadia,Soria,F,19730519,20211030,2,1,2025-03-22 10:42:52+00,2025-03-22 10:42:52+00,
229,229,香織,山本,F,19820415,20210613,7,4,2025-03-22 10:42:52+00,2025-03-22 10:42:52+00,
230,230,Esteban,Rojas,M,20080121,20210214,10,4,2025-03-22 10:42:52+00,2025-03-22 10:42:52+00,
231,231,Heloísa,Pereira,M,19790705,20211213,4,4,2025-03-22 10:42:52+00,2025-03-22 10:42:52+00,
232,232,Christopher,Garcia,F,19701108,20211225,1,2,2025-03-22 10:42:52+00,2025-03-22 10:42:52+00,
233,233,Cory,Ayala,F,19821017,20210125,1,3,2025-03-22 10:42:52+00,2025-03-22 10:42:52+00,
234,234,Benício,Porto,F,19970302,20211013,4,3,2025-03-22 10:42:52+00,2025-03-22 10:42:52+00,
235,235,Gina,Johnson,F,19821017,20210617,1,3,2025-03-22 10:42:52+00,2025-03-22 10:42:52+00,
236,236,Michelle,Nguyen,F,20081225,20211224,8,4,2025-03-22 10:42:52+00,2025-03-22 10:42:52+00,
237,237,Christian,Jones,M,20050427,20210409,8,3,2025-03-22 10:42:52+00,2025-03-22 10:42:52+00,
238,238,Heather,Reed,F,19740917,20210520,1,2,2025-03-22 10:42:52+00,2025-03-22 10:42:52+00,
239,239,Alejandro,Mccann,F,19870811,20210311,1,2,2025-03-22 10:42:52+00,2025-03-22 10:42:52+00,
240,240,Aimée,Guérin,F,19470418,20211115,6,3,2025-03-22 10:42:52+00,2025-03-22 10:42:52+00,
241,241,Claudio,Franco,M,19570513,20210820,2,3,2025-03-22 10:42:52+00,2025-03-22 10:42:52+00,
242,242,Jamie,Nunez,M,19930414,20210102,1,3,2025-03-22 10:42:52+00,2025-03-22 10:42:52+00,
243,243,Duilio,Aguilar,M,19840622,20211216,3,2,2025-03-22 10:42:52+00,2025-03-22 10:42:52+00,
244,244,Vicente,Araújo,M,19760726,20210424,4,4,2025-03-22 10:42:52+00,2025-03-22 10:42:52+00,
245,245,Elodia,Guerrero,F,19811216,20211229,10,3,2025-03-22 10:42:52+00,2025-03-22 10:42:52+00,
246,246,Erasmo,Estévez,F,19471005,20211130,3,2,2025-03-22 10:42:52+00,2025-03-22 10:42:52+00,
247,247,Frédéric,Martel,F,19871103,20210626,6,3,2025-03-22 10:42:52+00,2025-03-22 10:42:52+00,
248,248,Jasmine,Scott,F,19871002,20210514,8,4,2025-03-22 10:42:52+00,2025-03-22 10:42:52+00,
249,249,Marc,Étienne,F,19770111,20210111,6,1,2025-03-22 10:42:52+00,2025-03-22 10:42:52+00,
250,250,明美,藤原,M,19920528,20210511,7,3,2025-03-22 10:42:52+00,2025-03-22 10:42:52+00,
251,251,Tania,Röhricht,F,19610522,20210426,5,2,2025-03-22 10:42:52+00,2025-03-22 10:42:52+00,
252,252,Victor,Gonzalez,M,19870502,20210904,6,4,2025-03-22 10:42:52+00,2025-03-22 10:42:52+00,
253,253,Danilo,Dobes,F,19910519,20210819,5,3,2025-03-22 10:42:52+00,2025-03-22 10:42:52+00,
254,254,千代,山本,M,20050404,20210727,7,1,2025-03-22 10:42:52+00,2025-03-22 10:42:52+00,
255,255,Rachael,Bautista,F,20101018,20210527,1,2,2025-03-22 10:42:52+00,2025-03-22 10:42:52+00,
256,256,Levi,Lopes,M,19970908,20211109,4,2,2025-03-22 10:42:52+00,2025-03-22 10:42:52+00,
257,257,Jose Carlos,Guzmán,F,19960307,20210717,3,2,2025-03-22 10:42:52+00,2025-03-22 10:42:52+00,
258,258,Gerónimo,Manuel,F,19980305,20211021,3,1,2025-03-22 10:42:52+00,2025-03-22 10:42:52+00,
259,259,洋介,阿部,F,19960828,20210525,7,2,2025-03-22 10:42:52+00,2025-03-22 10:42:52+00,
260,260,César,Zaragoza,M,19831016,20211201,2,3,2025-03-22 10:42:52+00,2025-03-22 10:42:52+00,
261,261,陽一,鈴木,M,20011108,20210108,7,3,2025-03-22 10:42:52+00,2025-03-22 10:42:52+00,
262,262,Donatello,Pugliese,M,19490925,20210129,9,4,2025-03-22 10:42:52+00,2025-03-22 10:42:52+00,
263,263,Paulina,Peña,F,19920620,20210427,2,2,2025-03-22 10:42:52+00,2025-03-22 10:42:52+00,
264,264,Ángeles,Cisneros,F,20090807,20211015,3,3,2025-03-22 10:42:52+00,2025-03-22 10:42:52+00,
265,265,Luisa,Lugo,F,19881226,20210818,2,1,2025-03-22 10:42:52+00,2025-03-22 10:42:52+00,
266,266,裕樹,鈴木,M,19820314,20210905,7,2,2025-03-22 10:42:52+00,2025-03-22 10:42:52+00,
267,267,Lorena,Moura,F,19540323,20210622,4,3,2025-03-22 10:42:52+00,2025-03-22 10:42:52+00,
268,268,Türkan,Radisch,M,20010315,20210905,5,3,2025-03-22 10:42:52+00,2025-03-22 10:42:52+00,
269,269,Nicholas,Smith,M,20121114,20210123,1,3,2025-03-22 10:42:52+00,2025-03-22 10:42:52+00,
270,270,Tristan,Besnard,M,20041011,20211010,6,3,2025-03-22 10:42:52+00,2025-03-22 10:42:52+00,
271,271,Ramiro,Marcos,M,19980524,20220321,10,2,2025-03-22 10:42:52+00,2025-03-22 10:42:52+00,
272,272,Diego,da Mata,M,19930322,20220702,4,4,2025-03-22 10:42:52+00,2025-03-22 10:42:52+00,
273,273,Corrado,Lerner,M,19800625,20221106,9,1,2025-03-22 10:42:52+00,2025-03-22 10:42:52+00,
274,274,Celestina,Correa,F,19981105,20220213,10,4,2025-03-22 10:42:52+00,2025-03-22 10:42:52+00,
275,275,Julia,Salmerón,F,19600814,20221106,10,3,2025-03-22 10:42:52+00,2025-03-22 10:42:52+00,
276,276,Pasqual,Fantini,M,19890219,20221227,9,3,2025-03-22 10:42:52+00,2025-03-22 10:42:52+00,
277,277,Pierpaolo,Rienzo,M,19980622,20221026,9,2,2025-03-22 10:42:52+00,2025-03-22 10:42:52+00,
278,278,Ivo,Meyer,M,20100427,20220309,5,2,2025-03-22 10:42:52+00,2025-03-22 10:42:52+00,
279,279,Sharon,Thomas,F,19810502,20220513,1,1,2025-03-22 10:42:52+00,2025-03-22 10:42:52+00,
280,280,Eva-Maria,Schwital,M,19560714,20220629,5,4,2025-03-22 10:42:52+00,2025-03-22 10:42:52+00,
281,281,Xaver,Werner,F,19481020,20220203,5,4,2025-03-22 10:42:52+00,2025-03-22 10:42:52+00,
282,282,Guadalupe,Abreu,F,19731216,20220321,2,4,2025-03-22 10:42:52+00,2025-03-22 10:42:52+00,
283,283,美加子,山田,F,19760227,20221119,7,4,2025-03-22 10:42:52+00,2025-03-22 10:42:52+00,
284,284,Adriano,Galeati,M,19781109,20220629,9,4,2025-03-22 10:42:52+00,2025-03-22 10:42:52+00,
285,285,Danny,Irwin,F,19890602,20220426,1,1,2025-03-22 10:42:52+00,2025-03-22 10:42:52+00,
286,286,Amy,Moore,M,19530221,20220427,1,4,2025-03-22 10:42:52+00,2025-03-22 10:42:52+00,
287,287,Maricruz,Soto,M,19841020,20221002,10,3,2025-03-22 10:42:52+00,2025-03-22 10:42:52+00,
288,288,Maria Fernanda,Sales,F,19471007,20220205,4,1,2025-03-22 10:42:52+00,2025-03-22 10:42:52+00,
289,289,Lucas Gabriel,Viana,F,19920624,20221023,4,1,2025-03-22 10:42:52+00,2025-03-22 10:42:52+00,
290,290,Richard,Chen,F,20060307,20221023,8,2,2025-03-22 10:42:52+00,2025-03-22 10:42:52+00,
291,291,Dionisio,León,M,19931227,20220109,3,4,2025-03-22 10:42:52+00,2025-03-22 10:42:52+00,
292,292,Elizabeth,Smith,M,19910313,20221210,1,1,2025-03-22 10:42:52+00,2025-03-22 10:42:52+00,
293,293,Olivia,Verdugo,F,19851016,20220604,2,1,2025-03-22 10:42:52+00,2025-03-22 10:42:52+00,
294,294,陽一,吉田,F,19920402,20221003,7,2,2025-03-22 10:42:52+00,2025-03-22 10:42:52+00,
295,295,Johnny,Campbell,M,19660716,20221017,1,1,2025-03-22 10:42:52+00,2025-03-22 10:42:52+00,
296,296,Margot,Pierre,F,19730923,20221021,6,3,2025-03-22 10:42:52+00,2025-03-22 10:42:52+00,
297,297,Arturo,Aranda,M,19900705,20220820,2,3,2025-03-22 10:42:52+00,2025-03-22 10:42:52+00,
298,298,Mónica,Jáuregui,M,19630228,20220128,10,2,2025-03-22 10:42:52+00,2025-03-22 10:42:52+00,
299,299,Élisabeth,Leblanc,M,19900426,20220429,6,2,2025-03-22 10:42:52+00,2025-03-22 10:42:52+00,
300,300,Alyssa,Wright,F,19860122,20220215,1,2,2025-03-22 10:42:52+00,2025-03-22 10:42:52+00,
301,301,María Belén,Cárdenas,F,19900805,20221224,10,4,2025-03-22 10:42:52+00,2025-03-22 10:42:52+00,
302,302,Robert,Roberts,M,19900916,20220127,8,4,2025-03-22 10:42:52+00,2025-03-22 10:42:52+00,
303,303,淳,木村,M,19921017,20220721,7,1,2025-03-22 10:42:52+00,2025-03-22 10:42:52+00,
304,304,Enrique,Tapia,M,19770911,20220901,2,3,2025-03-22 10:42:52+00,2025-03-22 10:42:52+00,
305,305,Lilia,Tórrez,F,19471213,20220210,2,1,2025-03-22 10:42:52+00,2025-03-22 10:42:52+00,
306,306,Nicole,Merle,F,20020419,20220606,6,2,2025-03-22 10:42:52+00,2025-03-22 10:42:52+00,
307,307,Simone,Lopes,M,19921111,20221218,6,4,2025-03-22 10:42:52+00,2025-03-22 10:42:52+00,
308,308,Scott,Carroll,F,19961127,20220424,1,2,2025-03-22 10:42:52+00,2025-03-22 10:42:52+00,
309,309,Hugues,Denis,M,20120707,20220223,6,3,2025-03-22 10:42:52+00,2025-03-22 10:42:52+00,
310,310,Dionisio,Pizarro,M,20110716,20220928,10,2,2025-03-22 10:42:52+00,2025-03-22 10:42:52+00,
311,311,Domitila,Solé,F,19790626,20220605,10,4,2025-03-22 10:42:52+00,2025-03-22 10:42:52+00,
312,312,さゆり,森,F,19740527,20220224,7,2,2025-03-22 10:42:52+00,2025-03-22 10:42:52+00,
313,313,Eva-Marie,Mülichen,M,19691022,20220518,5,4,2025-03-22 10:42:52+00,2025-03-22 10:42:52+00,
314,314,Severo,Gibert,M,19820518,20221016,3,4,2025-03-22 10:42:52+00,2025-03-22 10:42:52+00,
315,315,あすか,池田,M,19940412,20220705,7,1,2025-03-22 10:42:52+00,2025-03-22 10:42:52+00,
316,316,Trevor,Mullen,M,20120303,20220504,8,3,2025-03-22 10:42:52+00,2025-03-22 10:42:52+00,
317,317,Leonardo,Cocci,F,19930521,20220622,9,3,2025-03-22 10:42:52+00,2025-03-22 10:42:52+00,
318,318,Agnes,Birnbaum,F,19820923,20221017,5,2,2025-03-22 10:42:52+00,2025-03-22 10:42:52+00,
319,319,Laurence,Fabre,F,19840603,20221211,6,4,2025-03-22 10:42:52+00,2025-03-22 10:42:52+00,
320,320,Michael,Myers,M,19790914,20220110,8,2,2025-03-22 10:42:52+00,2025-03-22 10:42:52+00,
321,321,Emanuella,Campos,M,19830527,20220104,4,1,2025-03-22 10:42:52+00,2025-03-22 10:42:52+00,
322,322,Davi Lucca,Novaes,M,20110425,20220924,4,2,2025-03-22 10:42:52+00,2025-03-22 10:42:52+00,
323,323,Michelotto,Basadonna,F,19920723,20220103,9,2,2025-03-22 10:42:52+00,2025-03-22 10:42:52+00,
324,324,Estela,Acevedo,M,20030716,20220215,10,2,2025-03-22 10:42:52+00,2025-03-22 10:42:52+00,
325,325,Timoteo,Loya,M,20101017,20220415,2,3,2025-03-22 10:42:52+00,2025-03-22 10:42:52+00,
326,326,智也,高橋,M,20090923,20221010,7,3,2025-03-22 10:42:52+00,2025-03-22 10:42:52+00,
327,327,Lucio,Feijoo,M,20060710,20220811,10,3,2025-03-22 10:42:52+00,2025-03-22 10:42:52+00,
328,328,Swen,Misicher,F,20110907,20220210,5,3,2025-03-22 10:42:52+00,2025-03-22 10:42:52+00,
329,329,Vincent,Jacob,M,20000416,20221006,6,4,2025-03-22 10:42:52+00,2025-03-22 10:42:52+00,
330,330,Natalio,Robles,M,19800227,20220307,10,4,2025-03-22 10:42:52+00,2025-03-22 10:42:52+00,
331,331,Teófila,Rozas,F,19810704,20230909,3,2,2025-03-22 10:42:52+00,2025-03-22 10:42:52+00,
332,332,Marisol,Cordero,M,20121215,20230227,2,4,2025-03-22 10:42:52+00,2025-03-22 10:42:52+00,
333,333,Thomas,Dumont,F,20110807,20230723,6,4,2025-03-22 10:42:52+00,2025-03-22 10:42:52+00,
334,334,João Lucas,Pires,F,19540128,20230323,4,1,2025-03-22 10:42:52+00,2025-03-22 10:42:52+00,
335,335,Vitória,Nogueira,M,19930523,20230516,4,3,2025-03-22 10:42:52+00,2025-03-22 10:42:52+00,
336,336,Ornella,Stucchi,M,19950610,20230615,9,2,2025-03-22 10:42:52+00,2025-03-22 10:42:52+00,
337,337,Lina,Galtarossa,M,19621227,20230601,9,2,2025-03-22 10:42:52+00,2025-03-22 10:42:52+00,
338,338,Gustavo,Saavedra,M,19870904,20231105,3,2,2025-03-22 10:42:52+00,2025-03-22 10:42:52+00,
339,339,Jacqueline,Lacombe,F,19790905,20230321,6,4,2025-03-22 10:42:52+00,2025-03-22 10:42:52+00,
340,340,Vicenta,Pont,F,19550902,20230120,10,2,2025-03-22 10:42:52+00,2025-03-22 10:42:52+00,
341,341,Gianpaolo,Brenna,F,19830613,20230113,9,2,2025-03-22 10:42:52+00,2025-03-22 10:42:52+00,
342,342,Julien,Marchal,M,20080709,20231205,6,4,2025-03-22 10:42:52+00,2025-03-22 10:42:52+00,
343,343,Julia,Byrd,M,19880919,20230123,8,1,2025-03-22 10:42:52+00,2025-03-22 10:42:52+00,
344,344,Emiliana,Martorell,F,19581023,20230401,3,1,2025-03-22 10:42:52+00,2025-03-22 10:42:52+00,
345,345,Asunción,Sepúlveda,M,19910605,20230826,2,2,2025-03-22 10:42:52+00,2025-03-22 10:42:52+00,
346,346,Roland,Pires,F,20120623,20231019,6,4,2025-03-22 10:42:52+00,2025-03-22 10:42:52+00,
347,347,Rebekka,Kitzmann,F,19971217,20231207,5,2,2025-03-22 10:42:52+00,2025-03-22 10:42:52+00,
348,348,Ana,Barros,M,19970527,20230609,4,1,2025-03-22 10:42:52+00,2025-03-22 10:42:52+00,
349,349,Josefina,Villalonga,M,19550616,20230903,10,4,2025-03-22 10:42:52+00,2025-03-22 10:42:52+00,
350,350,Maitê,Vieira,M,19580621,20230916,4,2,2025-03-22 10:42:52+00,2025-03-22 10:42:52+00,
351,351,Lolita,Ricci,M,19461009,20231228,9,3,2025-03-22 10:42:52+00,2025-03-22 10:42:52+00,
352,352,María Elena,Saiz,F,19940301,20230814,2,4,2025-03-22 10:42:52+00,2025-03-22 10:42:52+00,
353,353,Maryse,Ollivier,M,19980616,20230409,6,3,2025-03-22 10:42:52+00,2025-03-22 10:42:52+00,
354,354,Matthew,Williams,M,19600325,20230325,8,3,2025-03-22 10:42:52+00,2025-03-22 10:42:52+00,
355,355,Francisco,Smith,M,19810911,20230121,1,4,2025-03-22 10:42:52+00,2025-03-22 10:42:52+00,
356,356,Aimé,Joly,M,19910521,20230912,6,1,2025-03-22 10:42:52+00,2025-03-22 10:42:52+00,
357,357,Lilly,Losekann,F,19920427,20230125,5,3,2025-03-22 10:42:52+00,2025-03-22 10:42:52+00,
358,358,Estela,Osorio,F,19731203,20230922,2,1,2025-03-22 10:42:52+00,2025-03-22 10:42:52+00,
359,359,Sandra,Chavez,F,19770415,20230805,8,4,2025-03-22 10:42:52+00,2025-03-22 10:42:52+00,
360,360,Charlene,Obrien,F,19541206,20230512,8,3,2025-03-22 10:42:52+00,2025-03-22 10:42:52+00,
361,361,Narcisa,Montaña,M,19770621,20230203,3,1,2025-03-22 10:42:52+00,2025-03-22 10:42:52+00,
362,362,Blanca,Sarmiento,M,20070203,20230506,10,3,2025-03-22 10:42:52+00,2025-03-22 10:42:52+00,
363,363,Moreno,Jaume,F,19471215,20231213,10,2,2025-03-22 10:42:52+00,2025-03-22 10:42:52+00,
364,364,Azahara,Arregui,M,19511127,20230112,10,3,2025-03-22 10:42:52+00,2025-03-22 10:42:52+00,
365,365,Nanni,Botticelli,M,19880422,20230315,9,3,2025-03-22 10:42:52+00,2025-03-22 10:42:52+00,
366,366,Ruth,Zamorano,F,20010407,20230323,3,4,2025-03-22 10:42:52+00,2025-03-22 10:42:52+00,
367,367,Francesco,Finetti,M,19571025,20230515,9,4,2025-03-22 10:42:52+00,2025-03-22 10:42:52+00,
368,368,Gudula,Wagner,F,19500214,20230408,5,2,2025-03-22 10:42:52+00,2025-03-22 10:42:52+00,
369,369,Kevin,Black,F,19570916,20231013,8,4,2025-03-22 10:42:52+00,2025-03-22 10:42:52+00,
370,370,Florencia,Rosario,M,19711215,20230530,2,2,2025-03-22 10:42:52+00,2025-03-22 10:42:52+00,
371,371,Monica,Allen,M,19921009,20240513,1,4,2025-03-22 10:42:52+00,2025-03-22 10:42:52+00,
372,372,Amanda,Bonolis,M,19571117,20240428,9,4,2025-03-22 10:42:52+00,2025-03-22 10:42:52+00,
373,373,Steven,Hardy,M,19610920,20240104,8,2,2025-03-22 10:42:52+00,2025-03-22 10:42:52+00,
374,374,Suzanne,Pasquier,M,19820208,20240119,6,2,2025-03-22 10:42:52+00,2025-03-22 10:42:52+00,
375,375,Romeo,Rossellini,F,19980827,20240710,9,4,2025-03-22 10:42:52+00,2025-03-22 10:42:52+00,
376,376,Christopher,Allen,M,20070317,20240215,1,2,2025-03-22 10:42:52+00,2025-03-22 10:42:52+00,
377,377,Kathy,Gutierrez,M,19710605,20241116,8,4,2025-03-22 10:42:52+00,2025-03-22 10:42:52+00,
378,378,Jason,Salazar,F,19930219,20241222,1,1,2025-03-22 10:42:52+00,2025-03-22 10:42:52+00,
379,379,Teófilo,Prado,M,19930418,20241113,10,2,2025-03-22 10:42:52+00,2025-03-22 10:42:52+00,
380,380,Dolores,Haro,M,19501021,20240116,2,1,2025-03-22 10:42:52+00,2025-03-22 10:42:52+00,
381,381,Leonardo,Costela,F,19471227,20240709,4,3,2025-03-22 10:42:52+00,2025-03-22 10:42:52+00,
382,382,Germán,Mora,F,19640313,20241122,2,3,2025-03-22 10:42:52+00,2025-03-22 10:42:52+00,
383,383,Ana Júlia,Cavalcanti,F,20120517,20240504,4,4,2025-03-22 10:42:52+00,2025-03-22 10:42:52+00,
384,384,Gonzalo,Toro,M,19670319,20240804,2,4,2025-03-22 10:42:52+00,2025-03-22 10:42:52+00,
385,385,Hans-Wolfgang,Trubin,M,19950406,20241102,5,3,2025-03-22 10:42:52+00,2025-03-22 10:42:52+00,
386,386,Mayte,Sala,F,19690404,20240425,3,4,2025-03-22 10:42:52+00,2025-03-22 10:42:52+00,
387,387,Kamilly,Rezende,F,19930228,20240718,4,3,2025-03-22 10:42:52+00,2025-03-22 10:42:52+00,
388,388,Fabiana,Julián,M,19630521,20240727,10,4,2025-03-22 10:42:52+00,2025-03-22 10:42:52+00,
389,389,Lucas Gabriel,Aragão,M,19480625,20240415,4,3,2025-03-22 10:42:52+00,2025-03-22 10:42:52+00,
390,390,Christina,Joseph,M,19560226,20240216,1,1,2025-03-22 10:42:52+00,2025-03-22 10:42:52+00,
391,391,Janna,Lindau,M,19801214,20240308,5,1,2025-03-22 10:42:52+00,2025-03-22 10:42:52+00,
392,392,Esteban,Linares,M,19920225,20240406,2,4,2025-03-22 10:42:52+00,2025-03-22 10:42:52+00,
393,393,Lolita,Alboni,M,19620227,20241207,9,3,2025-03-22 10:42:52+00,2025-03-22 10:42:52+00,
394,394,くみ子,山口,F,20001211,20241015,7,2,2025-03-22 10:42:52+00,2025-03-22 10:42:52+00,
395,395,Brandon,Cruz,F,20001004,20241129,1,4,2025-03-22 10:42:52+00,2025-03-22 10:42:52+00,
396,396,David,Mclaughlin,F,19510923,20240415,1,3,2025-03-22 10:42:52+00,2025-03-22 10:42:52+00,
397,397,Hermann Josef,Stiebitz,F,19630327,20240519,5,1,2025-03-22 10:42:52+00,2025-03-22 10:42:52+00,
398,398,Maryse,Morvan,F,19700416,20241005,6,3,2025-03-22 10:42:52+00,2025-03-22 10:42:52+00,
399,399,Karl-Peter,Hartung,M,19880416,20240913,5,4,2025-03-22 10:42:52+00,2025-03-22 10:42:52+00,
400,400,Evelio,Barragán,M,19980501,20241014,2,2,2025-03-22 10:42:52+00,2025-03-22 10:42:52+00,
